{"cameraMode":{"drawMode":0,"name":"Shaded","section":"Shading Mode"},"sceneLighting":true,"audioPlay":false,"sceneViewState":{"m_AlwaysRefresh":false,"showFog":true,"showSkybox":true,"showFlares":true,"showImageEffects":true,"showParticleSystems":true,"showVisualEffectGraphs":true,"m_FxEnabled":true},"in2DMode":false,"pivot":{"x":-27.38343620300293,"y":50.74298858642578,"z":-30.589336395263673},"rotation":{"x":-0.22667309641838075,"y":-0.03610742837190628,"z":0.005762680899351835,"w":-0.9738262295722961},"size":0.8660253882408142,"orthographic":false}