{"cameraMode":{"drawMode":0,"name":"Shaded","section":"Shading Mode"},"sceneLighting":true,"audioPlay":false,"sceneViewState":{"m_AlwaysRefresh":false,"showFog":true,"showSkybox":true,"showFlares":true,"showImageEffects":true,"showParticleSystems":true,"showVisualEffectGraphs":true,"m_FxEnabled":true},"in2DMode":false,"pivot":{"x":-21.398117065429689,"y":48.669700622558597,"z":-30.889522552490236},"rotation":{"x":0.009467527270317078,"y":-0.07389839738607407,"z":0.0021962278988212349,"w":0.9977686405181885},"size":0.8660253882408142,"orthographic":false}