{"cameraMode":{"drawMode":0,"name":"Shaded","section":"Shading Mode"},"sceneLighting":false,"audioPlay":false,"sceneViewState":{"m_AlwaysRefresh":false,"showFog":true,"showSkybox":false,"showFlares":true,"showImageEffects":true,"showParticleSystems":true,"showVisualEffectGraphs":true,"m_FxEnabled":true},"in2DMode":false,"pivot":{"x":-1.834350824356079,"y":2.480898380279541,"z":-19.15200424194336},"rotation":{"x":0.028742317110300065,"y":-0.0680546909570694,"z":0.0018974901176989079,"w":0.9973108768463135},"size":2.0284554958343508,"orthographic":false}